{"cameraMode":{"drawMode":0,"name":"Shaded","section":"Shading Mode"},"sceneLighting":false,"audioPlay":false,"sceneViewState":{"showFog":true,"showMaterialUpdate":false,"showSkybox":true,"showFlares":true,"showImageEffects":true,"showParticleSystems":true},"in2DMode":false,"pivot":{"x":277.44207763671877,"y":669.0996704101563,"z":-106.82494354248047},"rotation":{"x":-0.03470692038536072,"y":-0.0742902159690857,"z":0.0025857375003397466,"w":-0.9966376423835754},"size":391.3817443847656,"orthographic":false}